2021 super output area - lower layer,Total: All usual residents,,Very good health,,Good health,,Fair health,,Bad health,,Very bad health,
,number,%,number,%,number,%,number,%,number,%,number,%
E01011698 : Leeds 001A,"1,462",100,721,49.3,509,34.8,175,12,42,2.9,15,1
E01011699 : Leeds 001B,"1,289",100,616,47.8,481,37.3,159,12.3,28,2.2,5,0.4
E01011701 : Leeds 001C,"1,367",100,737,53.9,444,32.5,135,9.9,37,2.7,14,1
E01011702 : Leeds 001D,"1,649",100,"1,042",63.2,440,26.7,138,8.4,23,1.4,6,0.4
E01011703 : Leeds 001E,"1,223",100,578,47.3,461,37.7,143,11.7,33,2.7,8,0.7
E01011697 : Leeds 002A,"2,284",100,"1,003",43.9,789,34.5,346,15.1,101,4.4,45,2
E01011700 : Leeds 002B,"1,479",100,681,46,506,34.2,233,15.8,45,3,14,0.9
E01011704 : Leeds 002C,"2,230",100,949,42.6,762,34.2,337,15.1,129,5.8,53,2.4
E01011705 : Leeds 002D,"1,370",100,605,44.2,467,34.1,200,14.6,77,5.6,21,1.5
E01011581 : Leeds 003A,"1,660",100,812,48.9,573,34.5,214,12.9,47,2.8,14,0.8
E01011582 : Leeds 003B,"1,613",100,658,40.8,558,34.6,274,17,101,6.3,22,1.4
E01011583 : Leeds 003C,"1,573",100,777,49.4,564,35.9,181,11.5,38,2.4,13,0.8
E01011584 : Leeds 003D,"1,682",100,886,52.7,544,32.3,178,10.6,58,3.4,16,1
E01011569 : Leeds 004A,"1,730",100,818,47.3,602,34.8,233,13.5,53,3.1,24,1.4
E01011571 : Leeds 004B,"1,609",100,773,48,564,35.1,211,13.1,42,2.6,19,1.2
E01011572 : Leeds 004C,"1,777",100,903,50.8,614,34.6,193,10.9,53,3,14,0.8
E01011573 : Leeds 004D,"1,311",100,619,47.2,484,36.9,166,12.7,35,2.7,7,0.5
E01011574 : Leeds 004E,"1,401",100,570,40.7,469,33.5,224,16,95,6.8,43,3.1
E01011707 : Leeds 005A,"1,295",100,599,46.3,456,35.2,182,14.1,44,3.4,14,1.1
E01011709 : Leeds 005B,"2,046",100,"1,205",58.9,574,28.1,192,9.4,53,2.6,22,1.1
E01011710 : Leeds 005C,"1,414",100,797,56.4,431,30.5,140,9.9,35,2.5,11,0.8
E01011711 : Leeds 005D,"1,418",100,754,53.2,440,31,153,10.8,58,4.1,13,0.9
E01011712 : Leeds 005E,"1,448",100,770,53.2,488,33.7,151,10.4,29,2,10,0.7
E01011561 : Leeds 006A,"1,184",100,671,56.7,373,31.5,112,9.5,19,1.6,9,0.8
E01011696 : Leeds 006B,"1,548",100,857,55.4,474,30.6,171,11,36,2.3,10,0.6
E01011706 : Leeds 006C,"1,532",100,878,57.3,483,31.5,128,8.4,33,2.2,10,0.7
E01011708 : Leeds 006D,"1,470",100,799,54.4,484,32.9,148,10.1,29,2,10,0.7
E01011713 : Leeds 006E,"1,785",100,"1,043",58.4,549,30.8,156,8.7,28,1.6,9,0.5
E01011570 : Leeds 007A,"2,302",100,"1,280",55.6,722,31.4,221,9.6,68,3,11,0.5
E01011576 : Leeds 007C,"1,465",100,872,59.5,430,29.4,118,8.1,34,2.3,11,0.8
E01032503 : Leeds 007E,"1,448",100,881,60.8,396,27.3,130,9,31,2.1,10,0.7
E01032504 : Leeds 007F,"1,782",100,973,54.6,575,32.3,178,10,50,2.8,6,0.3
E01011266 : Leeds 008A,"2,612",100,"1,560",59.7,819,31.4,183,7,43,1.6,7,0.3
E01011270 : Leeds 008B,"1,719",100,986,57.4,530,30.8,155,9,37,2.2,11,0.6
E01011279 : Leeds 008C,"1,317",100,662,50.3,429,32.6,174,13.2,44,3.3,8,0.6
E01011280 : Leeds 008D,"2,074",100,"1,131",54.5,673,32.4,213,10.3,47,2.3,10,0.5
E01011265 : Leeds 009A,"1,956",100,"1,011",51.7,618,31.6,232,11.9,70,3.6,25,1.3
E01011267 : Leeds 009B,"1,699",100,802,47.2,558,32.8,217,12.8,90,5.3,32,1.9
E01011271 : Leeds 009C,"2,172",100,"1,196",55.1,727,33.5,209,9.6,33,1.5,7,0.3
E01011272 : Leeds 009D,"1,454",100,770,53,488,33.6,153,10.5,35,2.4,8,0.6
E01011268 : Leeds 010A,"1,393",100,564,40.5,506,36.3,220,15.8,77,5.5,26,1.9
E01011273 : Leeds 010B,"1,483",100,734,49.5,496,33.4,195,13.1,46,3.1,12,0.8
E01011274 : Leeds 010C,"1,360",100,536,39.4,490,36,224,16.5,91,6.7,19,1.4
E01011275 : Leeds 010D,"1,411",100,623,44.2,518,36.7,198,14,53,3.8,19,1.3
E01011264 : Leeds 011A,"1,285",100,525,40.9,470,36.6,213,16.6,60,4.7,17,1.3
E01011269 : Leeds 011B,"1,568",100,656,41.8,566,36.1,237,15.1,81,5.2,28,1.8
E01011276 : Leeds 011C,"1,735",100,855,49.3,627,36.1,199,11.5,48,2.8,6,0.3
E01011578 : Leeds 011D,"1,273",100,599,47.1,415,32.6,198,15.6,48,3.8,13,1
E01011554 : Leeds 012A,"1,445",100,812,56.2,426,29.5,160,11.1,30,2.1,17,1.2
E01011562 : Leeds 012B,"1,567",100,799,51,501,32,205,13.1,49,3.1,13,0.8
E01011563 : Leeds 012C,"1,393",100,742,53.3,460,33,149,10.7,29,2.1,13,0.9
E01011564 : Leeds 012D,"1,557",100,880,56.5,489,31.4,147,9.4,30,1.9,11,0.7
E01011567 : Leeds 012E,"1,472",100,776,52.7,511,34.7,147,10,31,2.1,7,0.5
E01011376 : Leeds 013A,"1,662",100,873,52.5,570,34.3,183,11,26,1.6,10,0.6
E01011377 : Leeds 013B,"1,389",100,673,48.5,464,33.4,199,14.3,40,2.9,13,0.9
E01011378 : Leeds 013C,"1,418",100,557,39.3,498,35.1,225,15.9,112,7.9,26,1.8
E01011382 : Leeds 013D,"1,609",100,816,50.7,579,36,169,10.5,37,2.3,8,0.5
E01011277 : Leeds 014A,"1,605",100,928,57.8,497,31,130,8.1,38,2.4,12,0.7
E01011278 : Leeds 014B,"1,622",100,865,53.3,560,34.5,155,9.6,38,2.3,4,0.2
E01011579 : Leeds 014C,"1,338",100,703,52.5,444,33.2,155,11.6,26,1.9,10,0.7
E01011580 : Leeds 014D,"1,371",100,710,51.8,447,32.6,155,11.3,50,3.6,9,0.7
E01011556 : Leeds 015A,"1,650",100,859,52.1,530,32.1,186,11.3,61,3.7,14,0.8
E01011557 : Leeds 015B,"1,422",100,751,52.8,449,31.6,154,10.8,48,3.4,20,1.4
E01011565 : Leeds 015C,"1,481",100,817,55.2,442,29.8,167,11.3,43,2.9,12,0.8
E01011566 : Leeds 015D,"1,338",100,695,51.9,447,33.4,144,10.8,43,3.2,9,0.7
E01011568 : Leeds 015E,"1,914",100,889,46.4,662,34.6,272,14.2,68,3.6,23,1.2
E01011380 : Leeds 016A,"1,550",100,799,51.5,507,32.7,191,12.3,47,3,6,0.4
E01011381 : Leeds 016B,"1,474",100,756,51.3,514,34.9,160,10.9,37,2.5,7,0.5
E01011385 : Leeds 016C,"1,338",100,679,50.7,433,32.4,161,12,55,4.1,10,0.7
E01011386 : Leeds 016D,"1,815",100,"1,069",58.9,536,29.5,169,9.3,29,1.6,12,0.7
E01011379 : Leeds 017A,"1,610",100,717,44.5,556,34.5,219,13.6,88,5.5,30,1.9
E01011384 : Leeds 017B,"1,516",100,760,50.1,478,31.5,194,12.8,69,4.6,15,1
E01032501 : Leeds 017E,"1,148",100,576,50.2,400,34.8,138,12,23,2,11,1
E01032502 : Leeds 017F,"1,873",100,867,46.3,664,35.5,225,12,90,4.8,27,1.4
E01011555 : Leeds 018A,"1,380",100,745,54,441,32,149,10.8,37,2.7,8,0.6
E01011558 : Leeds 018B,"1,778",100,909,51.1,525,29.5,236,13.3,81,4.6,27,1.5
E01011559 : Leeds 018C,"1,475",100,658,44.6,472,32,211,14.3,104,7.1,30,2
E01011560 : Leeds 018D,"1,938",100,897,46.3,559,28.8,306,15.8,123,6.3,53,2.7
E01011383 : Leeds 019A,"1,674",100,848,50.7,519,31,208,12.4,77,4.6,22,1.3
E01011388 : Leeds 019B,"1,581",100,738,46.7,534,33.8,230,14.5,64,4,15,0.9
E01011684 : Leeds 019C,"1,557",100,818,52.5,495,31.8,186,11.9,52,3.3,6,0.4
E01011695 : Leeds 019D,"1,711",100,742,43.4,542,31.7,270,15.8,136,7.9,21,1.2
E01011650 : Leeds 020A,"1,523",100,906,59.5,441,29,135,8.9,32,2.1,9,0.6
E01011651 : Leeds 020B,"1,490",100,799,53.6,451,30.3,163,10.9,58,3.9,19,1.3
E01011653 : Leeds 020C,"1,376",100,741,53.9,460,33.4,136,9.9,29,2.1,10,0.7
E01011655 : Leeds 020D,"1,481",100,856,57.8,408,27.5,148,10,55,3.7,14,0.9
E01011455 : Leeds 021A,"1,370",100,774,56.5,449,32.8,118,8.6,23,1.7,6,0.4
E01011456 : Leeds 021B,"2,048",100,"1,161",56.7,643,31.4,188,9.2,42,2.1,14,0.7
E01011459 : Leeds 021C,"1,678",100,845,50.4,594,35.4,186,11.1,43,2.6,10,0.6
E01011461 : Leeds 021D,"1,564",100,880,56.3,487,31.1,148,9.5,36,2.3,13,0.8
E01011311 : Leeds 022A,"1,269",100,779,61.4,346,27.3,112,8.8,29,2.3,3,0.2
E01011649 : Leeds 022B,"1,581",100,914,57.8,472,29.9,161,10.2,24,1.5,10,0.6
E01011715 : Leeds 022C,"1,351",100,691,51.1,459,34,159,11.8,40,3,2,0.1
E01011719 : Leeds 022D,"1,429",100,659,46.1,473,33.1,201,14.1,70,4.9,26,1.8
E01011509 : Leeds 023A,"1,434",100,725,50.6,445,31,186,13,58,4,20,1.4
E01011511 : Leeds 023B,"1,412",100,700,49.6,464,32.9,190,13.5,42,3,16,1.1
E01011512 : Leeds 023C,"1,722",100,943,54.8,526,30.5,185,10.7,41,2.4,27,1.6
E01011515 : Leeds 023D,"1,495",100,841,56.3,485,32.4,126,8.4,38,2.5,5,0.3
E01011516 : Leeds 023E,"1,744",100,916,52.5,629,36.1,162,9.3,31,1.8,6,0.3
E01011508 : Leeds 024A,"1,433",100,828,57.8,435,30.4,133,9.3,29,2,8,0.6
E01011517 : Leeds 024B,"1,714",100,875,51.1,537,31.3,215,12.5,60,3.5,27,1.6
E01011652 : Leeds 024C,"1,396",100,746,53.4,459,32.9,142,10.2,38,2.7,11,0.8
E01011654 : Leeds 024D,"1,470",100,917,62.4,434,29.5,95,6.5,22,1.5,2,0.1
E01011505 : Leeds 025A,"1,699",100,815,48,575,33.8,215,12.7,75,4.4,19,1.1
E01011506 : Leeds 025B,"1,539",100,775,50.4,546,35.5,159,10.3,46,3,13,0.8
E01011507 : Leeds 025C,"1,655",100,882,53.3,546,33,165,10,52,3.1,10,0.6
E01011510 : Leeds 025D,"1,528",100,569,37.2,468,30.6,319,20.9,137,9,35,2.3
E01011514 : Leeds 025E,"1,783",100,934,52.4,620,34.8,183,10.3,31,1.7,15,0.8
E01011452 : Leeds 027A,"1,652",100,"1,000",60.5,481,29.1,146,8.8,22,1.3,3,0.2
E01011454 : Leeds 027B,"1,608",100,983,61.1,503,31.3,101,6.3,15,0.9,6,0.4
E01011457 : Leeds 027C,"1,630",100,945,58,460,28.2,167,10.2,45,2.8,13,0.8
E01011458 : Leeds 027D,"2,678",100,"1,715",64,736,27.5,175,6.5,40,1.5,12,0.4
E01011465 : Leeds 027E,"1,749",100,912,52.1,538,30.8,204,11.7,75,4.3,20,1.1
E01011453 : Leeds 028A,"1,566",100,814,52,526,33.6,170,10.9,47,3,9,0.6
E01011460 : Leeds 028B,"1,539",100,806,52.4,509,33.1,151,9.8,60,3.9,13,0.8
E01011462 : Leeds 028C,"1,728",100,822,47.6,557,32.2,246,14.2,65,3.8,38,2.2
E01011463 : Leeds 028D,"1,692",100,741,43.8,573,33.9,273,16.1,75,4.4,30,1.8
E01011464 : Leeds 028E,"1,810",100,972,53.7,591,32.7,191,10.6,48,2.7,8,0.4
E01011714 : Leeds 029A,"1,947",100,"1,015",52.1,660,33.9,206,10.6,48,2.5,18,0.9
E01011716 : Leeds 029B,"1,584",100,814,51.4,539,34,166,10.5,46,2.9,19,1.2
E01011717 : Leeds 029C,"1,622",100,753,46.4,536,33,226,13.9,85,5.2,22,1.4
E01011718 : Leeds 029D,"1,976",100,927,46.9,672,34,253,12.8,94,4.8,30,1.5
E01011720 : Leeds 029E,"1,507",100,623,41.3,503,33.4,249,16.5,99,6.6,33,2.2
E01011296 : Leeds 030A,"1,625",100,733,45.1,569,35,235,14.5,71,4.4,17,1
E01011297 : Leeds 030B,"1,724",100,974,56.5,528,30.6,169,9.8,35,2,18,1
E01011309 : Leeds 030C,"1,504",100,733,48.7,515,34.2,198,13.2,45,3,13,0.9
E01011310 : Leeds 030D,"1,628",100,904,55.5,487,29.9,169,10.4,48,2.9,20,1.2
E01011513 : Leeds 031A,"2,235",100,"1,323",59.2,631,28.2,207,9.3,62,2.8,12,0.5
E01011688 : Leeds 031B,"1,519",100,797,52.5,481,31.7,169,11.1,55,3.6,17,1.1
E01011689 : Leeds 031C,"1,612",100,809,50.2,541,33.6,181,11.2,63,3.9,18,1.1
E01011691 : Leeds 031D,"1,500",100,675,45,499,33.3,199,13.3,92,6.1,35,2.3
E01011504 : Leeds 032A,"1,564",100,712,45.5,474,30.3,246,15.7,105,6.7,27,1.7
E01011641 : Leeds 032B,"1,612",100,958,59.4,504,31.3,122,7.6,20,1.2,8,0.5
E01011642 : Leeds 032C,"1,381",100,782,56.6,420,30.4,129,9.3,40,2.9,10,0.7
E01011645 : Leeds 032D,"1,509",100,846,56.1,469,31.1,139,9.2,43,2.8,12,0.8
E01011484 : Leeds 033A,"1,599",100,700,43.8,512,32,237,14.8,121,7.6,29,1.8
E01011485 : Leeds 033B,"1,628",100,760,46.7,506,31.1,247,15.2,90,5.5,25,1.5
E01011686 : Leeds 033E,"1,541",100,606,39.3,494,32.1,279,18.1,130,8.4,32,2.1
E01032493 : Leeds 033F,"1,364",100,635,46.6,541,39.7,142,10.4,37,2.7,9,0.7
E01032494 : Leeds 033G,"1,909",100,844,44.2,650,34,283,14.8,110,5.8,22,1.2
E01011350 : Leeds 034A,"1,535",100,802,52.2,535,34.9,161,10.5,27,1.8,10,0.7
E01011351 : Leeds 034B,"1,714",100,915,53.4,566,33,161,9.4,53,3.1,19,1.1
E01011352 : Leeds 034C,"1,853",100,976,52.7,564,30.4,233,12.6,63,3.4,17,0.9
E01011353 : Leeds 034D,"1,935",100,"1,122",58,593,30.6,168,8.7,39,2,13,0.7
E01011656 : Leeds 035A,"1,521",100,732,48.1,442,29.1,215,14.1,86,5.7,46,3
E01011657 : Leeds 035B,"1,283",100,519,40.5,393,30.6,235,18.3,111,8.7,25,1.9
E01011659 : Leeds 035C,"1,461",100,623,42.6,480,32.9,233,15.9,95,6.5,30,2.1
E01011661 : Leeds 035D,"1,707",100,566,33.2,482,28.2,401,23.5,205,12,53,3.1
E01011643 : Leeds 037A,"1,521",100,830,54.6,420,27.6,173,11.4,69,4.5,29,1.9
E01011644 : Leeds 037B,"1,339",100,707,52.8,415,31,142,10.6,53,4,22,1.6
E01011646 : Leeds 037C,"1,802",100,893,49.6,604,33.5,229,12.7,61,3.4,15,0.8
E01011647 : Leeds 037D,"1,880",100,893,47.5,697,37.1,201,10.7,76,4,13,0.7
E01011648 : Leeds 037E,"1,859",100,964,51.9,625,33.6,210,11.3,47,2.5,13,0.7
E01011354 : Leeds 038A,"1,576",100,771,48.9,471,29.9,211,13.4,99,6.3,24,1.5
E01011355 : Leeds 038B,"1,491",100,677,45.4,505,33.9,215,14.4,69,4.6,25,1.7
E01011357 : Leeds 038C,"2,055",100,953,46.4,645,31.4,304,14.8,125,6.1,28,1.4
E01011450 : Leeds 038D,"1,301",100,578,44.4,399,30.7,188,14.5,104,8,32,2.5
E01011588 : Leeds 039A,"1,775",100,"1,005",56.6,531,29.9,164,9.2,66,3.7,9,0.5
E01011589 : Leeds 039B,"1,596",100,934,58.5,469,29.4,142,8.9,36,2.3,15,0.9
E01011590 : Leeds 039C,"1,698",100,918,54.1,533,31.4,170,10,51,3,26,1.5
E01011592 : Leeds 039D,"1,612",100,834,51.7,516,32,196,12.2,57,3.5,9,0.6
E01011593 : Leeds 039E,"1,969",100,"1,067",54.2,642,32.6,205,10.4,43,2.2,12,0.6
E01011421 : Leeds 040A,"1,526",100,665,43.6,539,35.3,212,13.9,87,5.7,23,1.5
E01011425 : Leeds 040B,"1,551",100,748,48.2,543,35,175,11.3,67,4.3,18,1.2
E01011658 : Leeds 040C,"1,708",100,767,44.9,541,31.7,249,14.6,114,6.7,37,2.2
E01011660 : Leeds 040D,"1,827",100,856,46.9,614,33.6,243,13.3,94,5.1,20,1.1
E01011662 : Leeds 040E,"1,366",100,639,46.8,410,30,217,15.9,78,5.7,22,1.6
E01011721 : Leeds 041A,"1,565",100,685,43.8,541,34.6,247,15.8,74,4.7,18,1.2
E01011722 : Leeds 041B,"2,115",100,"1,018",48.1,697,33,292,13.8,80,3.8,28,1.3
E01011723 : Leeds 041C,"1,715",100,752,43.8,584,34.1,257,15,91,5.3,31,1.8
E01011724 : Leeds 041D,"1,870",100,780,41.7,658,35.2,287,15.3,110,5.9,35,1.9
E01011356 : Leeds 042A,"2,017",100,992,49.2,670,33.2,252,12.5,75,3.7,28,1.4
E01011358 : Leeds 042B,"1,552",100,725,46.7,482,31.1,211,13.6,106,6.8,28,1.8
E01011359 : Leeds 042C,"1,896",100,891,47,639,33.7,219,11.6,100,5.3,47,2.5
E01011360 : Leeds 042D,"2,232",100,"1,093",49,759,34,273,12.2,90,4,17,0.8
E01011361 : Leeds 042E,"2,862",100,"1,395",48.7,953,33.3,357,12.5,128,4.5,29,1
E01011435 : Leeds 044A,"1,825",100,"1,008",55.2,631,34.6,145,7.9,35,1.9,6,0.3
E01011440 : Leeds 044D,"1,686",100,925,54.9,571,33.9,140,8.3,41,2.4,9,0.5
E01011441 : Leeds 044E,"1,957",100,"1,100",56.2,651,33.3,163,8.3,33,1.7,10,0.5
E01035040 : Leeds 044G,"1,740",100,967,55.6,616,35.4,128,7.4,26,1.5,3,0.2
E01035041 : Leeds 044H,"1,303",100,692,53.1,455,34.9,120,9.2,28,2.1,8,0.6
E01011477 : Leeds 045A,"2,024",100,"1,056",52.2,622,30.7,228,11.3,89,4.4,29,1.4
E01011480 : Leeds 045B,"1,639",100,749,45.7,597,36.4,229,14,54,3.3,10,0.6
E01011488 : Leeds 045C,"1,464",100,749,51.2,506,34.6,150,10.2,43,2.9,16,1.1
E01011489 : Leeds 045D,"1,765",100,814,46.1,607,34.4,231,13.1,80,4.5,33,1.9
E01011324 : Leeds 046A,"1,837",100,907,49.4,589,32.1,236,12.8,84,4.6,21,1.1
E01011325 : Leeds 046B,"1,647",100,787,47.8,562,34.1,212,12.9,74,4.5,12,0.7
E01011326 : Leeds 046C,"1,486",100,623,41.9,525,35.3,234,15.7,82,5.5,22,1.5
E01011332 : Leeds 046D,"1,623",100,728,44.9,543,33.5,241,14.8,86,5.3,25,1.5
E01011423 : Leeds 047A,"1,735",100,857,49.4,563,32.4,226,13,71,4.1,18,1
E01011424 : Leeds 047B,"1,937",100,974,50.3,647,33.4,228,11.8,69,3.6,19,1
E01011427 : Leeds 047C,"2,045",100,989,48.4,665,32.5,253,12.4,108,5.3,30,1.5
E01011431 : Leeds 047D,"2,097",100,923,44,701,33.4,286,13.6,139,6.6,48,2.3
E01011422 : Leeds 048A,"1,616",100,824,51,539,33.4,176,10.9,54,3.3,23,1.4
E01011426 : Leeds 048B,"1,701",100,867,51,562,33,190,11.2,65,3.8,17,1
E01011428 : Leeds 048C,"2,138",100,"1,082",50.6,702,32.8,250,11.7,70,3.3,34,1.6
E01011429 : Leeds 048D,"2,059",100,942,45.8,696,33.8,281,13.6,104,5.1,36,1.7
E01011663 : Leeds 050A,"1,700",100,914,53.8,482,28.4,217,12.8,72,4.2,15,0.9
E01011664 : Leeds 050B,"1,323",100,573,43.3,460,34.8,194,14.7,72,5.4,24,1.8
E01011665 : Leeds 050C,"1,387",100,588,42.4,480,34.6,210,15.1,77,5.6,32,2.3
E01011667 : Leeds 050D,"1,583",100,727,45.9,548,34.6,190,12,90,5.7,28,1.8
E01011323 : Leeds 051A,"1,297",100,546,42.1,461,35.5,196,15.1,71,5.5,23,1.8
E01011329 : Leeds 051B,"1,494",100,688,46.1,576,38.6,178,11.9,45,3,7,0.5
E01011330 : Leeds 051C,"1,346",100,585,43.5,529,39.3,179,13.3,45,3.3,8,0.6
E01011333 : Leeds 051D,"1,369",100,581,42.4,482,35.2,219,16,69,5,18,1.3
E01011327 : Leeds 052A,"1,348",100,557,41.3,465,34.5,233,17.3,69,5.1,24,1.8
E01011328 : Leeds 052B,"1,591",100,702,44.1,533,33.5,241,15.1,84,5.3,31,1.9
E01011335 : Leeds 052C,"1,710",100,765,44.7,633,37,224,13.1,74,4.3,14,0.8
E01011591 : Leeds 052D,"1,637",100,855,52.2,572,34.9,161,9.8,39,2.4,10,0.6
E01011430 : Leeds 053A,"1,732",100,916,52.9,557,32.2,178,10.3,63,3.6,18,1
E01011432 : Leeds 053B,"1,736",100,888,51.2,573,33,181,10.4,73,4.2,21,1.2
E01011433 : Leeds 053C,"1,927",100,"1,020",52.9,657,34.1,166,8.6,66,3.4,18,0.9
E01011434 : Leeds 053D,"1,806",100,994,55,556,30.8,179,9.9,59,3.3,18,1
E01011445 : Leeds 054A,"1,790",100,"1,084",60.6,552,30.8,131,7.3,22,1.2,1,0.1
E01011446 : Leeds 054B,"1,751",100,971,55.5,610,34.8,142,8.1,22,1.3,6,0.3
E01011447 : Leeds 054C,"1,428",100,841,58.9,458,32.1,96,6.7,29,2,4,0.3
E01011448 : Leeds 054D,"1,679",100,"1,004",59.8,499,29.7,121,7.2,45,2.7,10,0.6
E01011449 : Leeds 054E,"1,475",100,721,48.9,546,37,162,11,39,2.6,7,0.5
E01011670 : Leeds 055A,"2,616",100,"1,296",49.5,863,33,315,12,112,4.3,30,1.1
E01011671 : Leeds 055B,"1,687",100,833,49.4,563,33.4,196,11.6,68,4,27,1.6
E01033002 : Leeds 055F,"2,178",100,"1,172",53.8,737,33.8,181,8.3,77,3.5,11,0.5
E01033003 : Leeds 055G,"2,294",100,"1,302",56.8,694,30.3,222,9.7,60,2.6,16,0.7
E01035042 : Leeds 055I,"2,288",100,"1,182",51.7,849,37.1,191,8.3,52,2.3,14,0.6
E01035043 : Leeds 055J,"1,415",100,779,55.1,486,34.3,122,8.6,23,1.6,5,0.4
E01011478 : Leeds 056A,"1,769",100,800,45.2,682,38.6,214,12.1,54,3.1,19,1.1
E01011479 : Leeds 056B,"1,521",100,763,50.2,584,38.4,148,9.7,22,1.4,4,0.3
E01011481 : Leeds 056C,"1,812",100,897,49.5,659,36.4,180,9.9,53,2.9,23,1.3
E01011482 : Leeds 056D,"1,737",100,817,47,653,37.6,213,12.3,47,2.7,7,0.4
E01011483 : Leeds 056E,"1,626",100,734,45.1,577,35.5,214,13.2,77,4.7,24,1.5
E01011406 : Leeds 057A,"1,315",100,640,48.7,458,34.8,168,12.8,39,3,10,0.8
E01011407 : Leeds 057B,"1,424",100,613,43,534,37.5,203,14.3,57,4,17,1.2
E01011408 : Leeds 057C,"1,493",100,581,38.9,548,36.7,264,17.7,81,5.4,19,1.3
E01011409 : Leeds 057D,"1,442",100,668,46.3,505,35,191,13.2,56,3.9,22,1.5
E01011410 : Leeds 057E,"1,658",100,769,46.4,548,33.1,250,15.1,74,4.5,17,1
E01011412 : Leeds 057F,"1,816",100,943,51.9,575,31.7,230,12.7,54,3,14,0.8
E01011331 : Leeds 058A,"1,340",100,577,43.1,482,36,192,14.3,74,5.5,15,1.1
E01011334 : Leeds 058B,"1,398",100,609,43.6,521,37.3,181,12.9,59,4.2,28,2
E01011336 : Leeds 058C,"1,551",100,530,34.2,561,36.2,314,20.2,110,7.1,36,2.3
E01011337 : Leeds 058D,"1,735",100,858,49.5,529,30.5,250,14.4,73,4.2,25,1.4
E01011281 : Leeds 059A,"2,184",100,"1,079",49.4,692,31.7,272,12.5,105,4.8,36,1.6
E01011282 : Leeds 059B,"1,389",100,618,44.5,474,34.1,192,13.8,78,5.6,27,1.9
E01011283 : Leeds 059C,"1,576",100,738,46.8,525,33.3,208,13.2,79,5,26,1.6
E01011286 : Leeds 059D,"1,295",100,578,44.6,468,36.1,183,14.1,52,4,14,1.1
E01011295 : Leeds 059E,"1,708",100,818,47.9,592,34.7,210,12.3,66,3.9,22,1.3
E01011339 : Leeds 060A,"2,113",100,981,46.4,654,31,289,13.7,147,7,42,2
E01011340 : Leeds 060B,"1,815",100,869,47.9,549,30.2,242,13.3,132,7.3,23,1.3
E01011342 : Leeds 060C,"1,876",100,970,51.7,562,30,205,10.9,111,5.9,28,1.5
E01011346 : Leeds 060D,"1,891",100,903,47.8,582,30.8,253,13.4,104,5.5,49,2.6
E01011341 : Leeds 061A,"2,172",100,"1,143",52.6,704,32.4,232,10.7,70,3.2,23,1.1
E01011343 : Leeds 061B,"1,980",100,892,45.1,645,32.6,296,14.9,116,5.9,31,1.6
E01011345 : Leeds 061C,"1,498",100,681,45.5,478,31.9,234,15.6,84,5.6,21,1.4
E01011666 : Leeds 061D,"1,422",100,680,47.8,512,36,172,12.1,52,3.7,6,0.4
E01011585 : Leeds 062A,"1,403",100,606,43.2,515,36.7,194,13.8,65,4.6,23,1.6
E01011587 : Leeds 062B,"1,747",100,886,50.7,609,34.9,189,10.8,55,3.1,8,0.5
E01011594 : Leeds 062C,"1,543",100,750,48.6,475,30.8,192,12.4,98,6.4,28,1.8
E01011596 : Leeds 062D,"1,648",100,831,50.4,604,36.7,164,10,40,2.4,9,0.5
E01011598 : Leeds 062E,"1,580",100,793,50.2,505,32,207,13.1,59,3.7,16,1
E01011678 : Leeds 063B,"4,342",100,"2,482",57.2,"1,432",33,360,8.3,56,1.3,12,0.3
E01011681 : Leeds 063D,"1,693",100,822,48.6,581,34.3,200,11.8,66,3.9,24,1.4
E01035044 : Leeds 063F,"2,643",100,"1,450",54.9,947,35.8,191,7.2,46,1.7,9,0.3
E01035045 : Leeds 063G,"1,310",100,758,57.9,431,32.9,98,7.5,18,1.4,5,0.4
E01011338 : Leeds 064A,"2,029",100,999,49.2,575,28.3,271,13.4,147,7.2,37,1.8
E01011673 : Leeds 064B,"1,862",100,990,53.2,586,31.5,201,10.8,69,3.7,16,0.9
E01011677 : Leeds 064D,"1,627",100,811,49.8,465,28.6,212,13,106,6.5,33,2
E01033031 : Leeds 064E,"1,604",100,880,54.9,484,30.2,167,10.4,51,3.2,22,1.4
E01033035 : Leeds 064F,"1,817",100,"1,064",58.6,476,26.2,175,9.6,69,3.8,33,1.8
E01011344 : Leeds 065A,"2,057",100,"1,058",51.4,704,34.2,194,9.4,85,4.1,16,0.8
E01011347 : Leeds 065B,"1,977",100,998,50.5,631,31.9,232,11.7,85,4.3,31,1.6
E01011348 : Leeds 065C,"1,796",100,946,52.7,540,30.1,211,11.7,71,4,28,1.6
E01011349 : Leeds 065D,"1,819",100,824,45.3,523,28.8,301,16.5,123,6.8,48,2.6
E01011586 : Leeds 066A,"1,852",100,906,48.9,627,33.9,243,13.1,59,3.2,17,0.9
E01011595 : Leeds 066B,"2,167",100,"1,025",47.3,805,37.1,246,11.4,73,3.4,18,0.8
E01011597 : Leeds 066C,"1,707",100,788,46.2,627,36.7,207,12.1,64,3.7,21,1.2
E01011599 : Leeds 066D,"1,663",100,786,47.3,604,36.3,195,11.7,56,3.4,22,1.3
E01011287 : Leeds 067B,"1,461",100,644,44.1,549,37.6,198,13.6,54,3.7,16,1.1
E01032499 : Leeds 067G,"1,706",100,777,45.5,638,37.4,208,12.2,65,3.8,18,1.1
E01032500 : Leeds 067H,"1,386",100,621,44.8,488,35.2,194,14,70,5.1,13,0.9
E01032606 : Leeds 067I,"2,109",100,"1,030",48.8,688,32.6,295,14,77,3.7,19,0.9
E01032607 : Leeds 067J,"1,273",100,555,43.6,428,33.6,165,13,99,7.8,26,2
E01032608 : Leeds 067K,"1,116",100,484,43.4,411,36.8,158,14.2,55,4.9,8,0.7
E01011608 : Leeds 068A,"1,379",100,599,43.4,506,36.7,197,14.3,53,3.8,24,1.7
E01011609 : Leeds 068B,"1,431",100,639,44.7,485,33.9,222,15.5,66,4.6,19,1.3
E01011610 : Leeds 068C,"1,530",100,722,47.2,518,33.9,204,13.3,72,4.7,14,0.9
E01011611 : Leeds 068D,"1,485",100,620,41.8,518,34.9,221,14.9,115,7.7,11,0.7
E01011614 : Leeds 068E,"1,860",100,894,48.1,646,34.7,238,12.8,66,3.5,16,0.9
E01011413 : Leeds 069A,"1,455",100,710,48.8,525,36.1,161,11.1,43,3,16,1.1
E01011415 : Leeds 069B,"1,639",100,746,45.5,634,38.7,197,12,50,3.1,12,0.7
E01011416 : Leeds 069C,"1,485",100,755,50.8,513,34.5,159,10.7,42,2.8,16,1.1
E01011417 : Leeds 069D,"1,528",100,609,39.9,565,37,258,16.9,59,3.9,37,2.4
E01011420 : Leeds 069E,"1,357",100,584,43,468,34.5,231,17,54,4,20,1.5
E01011615 : Leeds 070A,"1,581",100,777,49.1,507,32.1,228,14.4,60,3.8,9,0.6
E01011617 : Leeds 070B,"1,639",100,720,43.9,530,32.3,256,15.6,99,6,34,2.1
E01011618 : Leeds 070C,"1,659",100,814,49.1,562,33.9,209,12.6,65,3.9,9,0.5
E01011621 : Leeds 070D,"1,567",100,720,45.9,520,33.2,228,14.6,65,4.1,34,2.2
E01011284 : Leeds 071A,"2,217",100,"1,069",48.2,804,36.3,229,10.3,90,4.1,25,1.1
E01011292 : Leeds 071B,"1,955",100,879,45,629,32.2,281,14.4,140,7.2,26,1.3
E01011293 : Leeds 071C,"1,963",100,898,45.7,697,35.5,265,13.5,83,4.2,20,1
E01011294 : Leeds 071D,"1,723",100,623,36.2,560,32.5,304,17.6,177,10.3,59,3.4
E01011363 : Leeds 071E,"1,960",100,915,46.7,656,33.5,268,13.7,97,4.9,24,1.2
E01011616 : Leeds 072A,"1,645",100,721,43.8,569,34.6,225,13.7,97,5.9,33,2
E01011620 : Leeds 072B,"1,383",100,669,48.4,442,32,177,12.8,68,4.9,27,2
E01011622 : Leeds 072C,"1,741",100,868,49.9,518,29.8,234,13.4,96,5.5,25,1.4
E01011624 : Leeds 072D,"1,860",100,886,47.6,610,32.8,240,12.9,99,5.3,25,1.3
E01011411 : Leeds 073A,"1,714",100,910,53.1,587,34.2,159,9.3,48,2.8,10,0.6
E01011414 : Leeds 073B,"1,497",100,776,51.8,512,34.2,170,11.4,34,2.3,5,0.3
E01011418 : Leeds 073C,"1,456",100,694,47.7,497,34.1,226,15.5,35,2.4,4,0.3
E01011419 : Leeds 073D,"1,107",100,537,48.5,394,35.6,135,12.2,36,3.3,5,0.5
E01011396 : Leeds 074A,"1,888",100,927,49.1,629,33.3,256,13.6,60,3.2,16,0.8
E01011399 : Leeds 074B,"1,502",100,725,48.3,491,32.7,204,13.6,72,4.8,10,0.7
E01011400 : Leeds 074C,"1,394",100,644,46.2,477,34.2,187,13.4,67,4.8,19,1.4
E01011403 : Leeds 074D,"1,515",100,577,38.1,552,36.4,268,17.7,87,5.7,31,2
E01011623 : Leeds 075B,"1,701",100,840,49.4,552,32.5,206,12.1,74,4.4,29,1.7
E01011625 : Leeds 075C,"1,725",100,789,45.7,638,37,216,12.5,60,3.5,22,1.3
E01011626 : Leeds 075D,"2,399",100,"1,233",51.4,758,31.6,264,11,115,4.8,29,1.2
E01033021 : Leeds 075E,"2,066",100,"1,025",49.6,602,29.1,278,13.5,119,5.8,42,2
E01033033 : Leeds 075F,"1,619",100,825,51,599,37,135,8.3,46,2.8,14,0.9
E01033034 : Leeds 075G,"1,480",100,896,60.5,485,32.8,85,5.7,11,0.7,3,0.2
E01011602 : Leeds 076A,"1,974",100,903,45.7,636,32.2,328,16.6,81,4.1,26,1.3
E01011603 : Leeds 076B,"1,592",100,832,52.3,530,33.3,171,10.7,52,3.3,7,0.4
E01011605 : Leeds 076C,"1,758",100,945,53.8,559,31.8,205,11.7,41,2.3,8,0.5
E01011606 : Leeds 076D,"2,049",100,941,45.9,755,36.8,263,12.8,68,3.3,22,1.1
E01011613 : Leeds 076E,"1,795",100,945,52.6,576,32.1,204,11.4,57,3.2,13,0.7
E01011397 : Leeds 077A,"1,499",100,752,50.2,515,34.4,169,11.3,59,3.9,4,0.3
E01011398 : Leeds 077B,"1,143",100,559,48.9,433,37.9,121,10.6,25,2.2,5,0.4
E01011401 : Leeds 077C,"1,775",100,864,48.7,643,36.2,211,11.9,48,2.7,9,0.5
E01011404 : Leeds 077D,"1,377",100,679,49.3,487,35.4,148,10.7,54,3.9,9,0.7
E01011405 : Leeds 077E,"1,475",100,624,42.3,576,39.1,201,13.6,57,3.9,17,1.2
E01011725 : Leeds 078A,"1,514",100,662,43.7,490,32.4,231,15.3,101,6.7,30,2
E01011729 : Leeds 078B,"1,700",100,713,41.9,516,30.4,331,19.5,115,6.8,25,1.5
E01011730 : Leeds 078C,"1,561",100,702,45,545,34.9,227,14.5,71,4.5,16,1
E01011735 : Leeds 078D,"1,693",100,661,39,633,37.4,255,15.1,111,6.6,33,1.9
E01011600 : Leeds 079A,"1,518",100,719,47.4,522,34.4,201,13.2,52,3.4,24,1.6
E01011601 : Leeds 079B,"1,624",100,824,50.7,541,33.3,182,11.2,64,3.9,13,0.8
E01011604 : Leeds 079C,"1,349",100,700,51.9,450,33.4,153,11.3,38,2.8,8,0.6
E01011607 : Leeds 079D,"1,657",100,813,49.1,579,34.9,178,10.7,78,4.7,9,0.5
E01011612 : Leeds 079E,"1,392",100,518,37.2,476,34.2,278,20,91,6.5,29,2.1
E01011726 : Leeds 080A,"1,560",100,696,44.6,540,34.6,220,14.1,85,5.4,19,1.2
E01011727 : Leeds 080B,"1,549",100,746,48.2,536,34.6,200,12.9,54,3.5,13,0.8
E01011728 : Leeds 080C,"1,384",100,654,47.3,477,34.5,194,14,40,2.9,19,1.4
E01011739 : Leeds 080D,"1,603",100,629,39.2,550,34.3,255,15.9,133,8.3,36,2.2
E01011362 : Leeds 081A,"1,935",100,887,45.8,599,31,303,15.7,119,6.1,27,1.4
E01011731 : Leeds 081B,"1,428",100,636,44.5,534,37.4,193,13.5,46,3.2,19,1.3
E01011732 : Leeds 081C,"1,984",100,947,47.7,692,34.9,239,12,82,4.1,24,1.2
E01011733 : Leeds 081D,"1,575",100,676,42.9,618,39.2,214,13.6,47,3,20,1.3
E01011366 : Leeds 082A,"1,786",100,825,46.2,614,34.4,243,13.6,72,4,32,1.8
E01011368 : Leeds 082C,"1,664",100,840,50.5,546,32.8,189,11.4,72,4.3,17,1
E01011370 : Leeds 082D,"1,689",100,793,47,507,30,206,12.2,93,5.5,90,5.3
E01033013 : Leeds 082E,"1,428",100,777,54.4,448,31.4,139,9.7,48,3.4,16,1.1
E01035046 : Leeds 082G,"1,158",100,746,64.4,357,30.8,51,4.4,4,0.3,0,0
E01035047 : Leeds 082H,"1,331",100,705,53,445,33.4,136,10.2,36,2.7,9,0.7
E01011734 : Leeds 083A,"2,798",100,"1,490",53.3,962,34.4,267,9.5,64,2.3,15,0.5
E01011736 : Leeds 083B,"1,402",100,610,43.5,518,36.9,212,15.1,52,3.7,10,0.7
E01011737 : Leeds 083C,"1,536",100,631,41.1,550,35.8,258,16.8,77,5,20,1.3
E01011738 : Leeds 083D,"1,497",100,731,48.8,528,35.3,179,12,40,2.7,19,1.3
E01011364 : Leeds 085A,"2,124",100,"1,052",49.5,683,32.2,250,11.8,101,4.8,38,1.8
E01011371 : Leeds 085B,"1,812",100,836,46.1,532,29.4,279,15.4,131,7.2,34,1.9
E01011373 : Leeds 085C,"1,553",100,830,53.4,467,30.1,154,9.9,87,5.6,15,1
E01011374 : Leeds 085D,"1,251",100,576,46,429,34.3,173,13.8,61,4.9,12,1
E01011312 : Leeds 086A,"2,025",100,"1,006",49.7,632,31.2,246,12.1,116,5.7,25,1.2
E01011316 : Leeds 086B,"2,012",100,"1,103",54.8,593,29.5,211,10.5,86,4.3,19,0.9
E01011372 : Leeds 086C,"1,750",100,825,47.1,617,35.3,201,11.5,83,4.7,24,1.4
E01011375 : Leeds 086D,"2,087",100,"1,052",50.4,677,32.4,229,11,105,5,24,1.1
E01011390 : Leeds 087A,"1,365",100,541,39.6,488,35.8,241,17.7,81,5.9,14,1
E01011391 : Leeds 087B,"1,558",100,640,41.1,504,32.3,272,17.5,107,6.9,35,2.2
E01011392 : Leeds 087C,"1,985",100,"1,012",51,637,32.1,230,11.6,74,3.7,32,1.6
E01011402 : Leeds 087D,"2,053",100,928,45.2,670,32.6,339,16.5,97,4.7,19,0.9
E01011298 : Leeds 088A,"1,555",100,650,41.8,527,33.9,250,16.1,104,6.7,24,1.5
E01011299 : Leeds 088B,"2,840",100,"1,475",51.9,931,32.8,304,10.7,94,3.3,36,1.3
E01011302 : Leeds 088C,"1,783",100,813,45.6,640,35.9,240,13.5,74,4.2,16,0.9
E01011303 : Leeds 088D,"1,146",100,516,45,384,33.5,189,16.5,44,3.8,13,1.1
E01011300 : Leeds 089A,"1,457",100,649,44.5,474,32.5,221,15.2,87,6,26,1.8
E01011301 : Leeds 089B,"1,243",100,589,47.4,435,35,164,13.2,44,3.5,11,0.9
E01011304 : Leeds 089C,"1,587",100,703,44.3,506,31.9,261,16.4,91,5.7,26,1.6
E01011305 : Leeds 089D,"1,492",100,716,48,542,36.3,162,10.9,59,4,13,0.9
E01011306 : Leeds 089E,"1,302",100,657,50.5,453,34.8,148,11.4,37,2.8,7,0.5
E01011315 : Leeds 090A,"1,613",100,714,44.3,567,35.2,235,14.6,73,4.5,24,1.5
E01011317 : Leeds 090B,"1,774",100,697,39.3,616,34.7,305,17.2,116,6.5,40,2.3
E01011318 : Leeds 090C,"1,552",100,741,47.7,526,33.9,179,11.5,87,5.6,19,1.2
E01011321 : Leeds 090D,"1,659",100,796,48,512,30.9,235,14.2,87,5.2,29,1.7
E01011369 : Leeds 090E,"1,588",100,703,44.3,553,34.8,249,15.7,67,4.2,16,1
E01011313 : Leeds 091A,"1,744",100,900,51.6,560,32.1,204,11.7,65,3.7,15,0.9
E01011314 : Leeds 091B,"1,573",100,759,48.3,575,36.6,179,11.4,44,2.8,16,1
E01011319 : Leeds 091C,"1,604",100,797,49.7,530,33,183,11.4,73,4.6,21,1.3
E01011320 : Leeds 091D,"1,791",100,829,46.3,681,38,209,11.7,54,3,18,1
E01011322 : Leeds 091E,"1,658",100,803,48.4,564,34,213,12.8,60,3.6,18,1.1
E01011471 : Leeds 092A,"1,579",100,710,45,472,29.9,270,17.1,98,6.2,29,1.8
E01011472 : Leeds 092B,"1,656",100,666,40.2,530,32,284,17.1,139,8.4,37,2.2
E01011473 : Leeds 092C,"1,540",100,727,47.2,483,31.4,215,14,80,5.2,35,2.3
E01011474 : Leeds 092D,"1,592",100,701,44,531,33.4,238,14.9,90,5.7,32,2
E01011518 : Leeds 093A,"2,294",100,"1,127",49.1,792,34.5,273,11.9,81,3.5,21,0.9
E01011524 : Leeds 093B,"1,216",100,589,48.4,428,35.2,166,13.7,23,1.9,10,0.8
E01011526 : Leeds 093C,"1,265",100,685,54.2,437,34.5,103,8.1,36,2.8,4,0.3
E01011531 : Leeds 093D,"1,671",100,774,46.3,561,33.6,251,15,68,4.1,17,1
E01011466 : Leeds 094A,"1,537",100,610,39.7,530,34.5,264,17.2,107,7,26,1.7
E01011469 : Leeds 094B,"1,418",100,602,42.5,531,37.4,218,15.4,57,4,10,0.7
E01011475 : Leeds 094C,"1,608",100,722,44.9,529,32.9,253,15.7,85,5.3,19,1.2
E01011476 : Leeds 094D,"1,229",100,543,44.2,422,34.3,179,14.6,67,5.5,18,1.5
E01011519 : Leeds 095A,"1,515",100,710,46.9,493,32.5,188,12.4,99,6.5,25,1.7
E01011522 : Leeds 095B,"1,369",100,679,49.6,474,34.6,165,12.1,42,3.1,9,0.7
E01011525 : Leeds 095C,"1,551",100,736,47.5,519,33.5,217,14,62,4,17,1.1
E01011528 : Leeds 095D,"1,599",100,872,54.5,553,34.6,135,8.4,27,1.7,12,0.8
E01011532 : Leeds 095E,"1,602",100,688,42.9,547,34.1,237,14.8,96,6,34,2.1
E01011520 : Leeds 096A,"1,497",100,679,45.4,535,35.7,211,14.1,53,3.5,19,1.3
E01011521 : Leeds 096B,"2,172",100,"1,077",49.6,771,35.5,235,10.8,64,2.9,25,1.2
E01011523 : Leeds 096C,"1,895",100,885,46.7,655,34.6,246,13,79,4.2,30,1.6
E01011527 : Leeds 096D,"1,741",100,809,46.5,627,36,234,13.4,52,3,19,1.1
E01011529 : Leeds 096E,"1,365",100,615,45.1,483,35.4,192,14.1,61,4.5,14,1
E01011635 : Leeds 097B,"1,833",100,922,50.3,605,33,229,12.5,58,3.2,19,1
E01011637 : Leeds 097C,"1,691",100,827,48.9,603,35.7,192,11.4,52,3.1,17,1
E01011638 : Leeds 097D,"1,400",100,660,47.1,526,37.6,158,11.3,46,3.3,10,0.7
E01032487 : Leeds 097F,"1,044",100,427,40.9,363,34.8,164,15.7,72,6.9,18,1.7
E01032488 : Leeds 097G,"1,808",100,920,50.9,623,34.5,206,11.4,40,2.2,19,1.1
E01011627 : Leeds 098A,"1,356",100,670,49.4,403,29.7,183,13.5,76,5.6,24,1.8
E01011628 : Leeds 098B,"1,229",100,499,40.6,472,38.4,194,15.8,51,4.1,13,1.1
E01011629 : Leeds 098C,"1,309",100,604,46.1,455,34.8,171,13.1,70,5.3,9,0.7
E01011632 : Leeds 098D,"1,347",100,600,44.5,429,31.8,217,16.1,73,5.4,28,2.1
E01011633 : Leeds 098E,"1,467",100,699,47.6,486,33.1,208,14.2,61,4.2,13,0.9
E01011502 : Leeds 099C,"1,387",100,604,43.5,471,34,208,15,85,6.1,19,1.4
E01032497 : Leeds 099E,"1,609",100,746,46.4,544,33.8,239,14.9,58,3.6,22,1.4
E01032498 : Leeds 099F,"1,661",100,711,42.8,569,34.3,270,16.3,85,5.1,26,1.6
E01035048 : Leeds 099G,"1,894",100,992,52.4,620,32.7,208,11,58,3.1,16,0.8
E01035049 : Leeds 099H,"1,487",100,759,51,532,35.8,146,9.8,43,2.9,7,0.5
E01011496 : Leeds 100A,"1,522",100,887,58.3,469,30.8,124,8.1,35,2.3,7,0.5
E01011630 : Leeds 100B,"2,018",100,"1,012",50.1,718,35.6,213,10.6,66,3.3,9,0.4
E01011634 : Leeds 100C,"1,586",100,733,46.2,539,34,226,14.2,65,4.1,23,1.5
E01011636 : Leeds 100D,"1,885",100,940,49.9,624,33.1,242,12.8,63,3.3,16,0.8
E01011639 : Leeds 100E,"1,509",100,623,41.3,561,37.2,223,14.8,76,5,26,1.7
E01011491 : Leeds 101A,"1,451",100,631,43.5,486,33.5,229,15.8,77,5.3,28,1.9
E01011492 : Leeds 101B,"1,733",100,783,45.2,538,31,254,14.7,121,7,37,2.1
E01011493 : Leeds 101C,"1,612",100,772,47.9,489,30.3,250,15.5,78,4.8,23,1.4
E01011494 : Leeds 101D,"1,679",100,892,53.1,505,30.1,207,12.3,63,3.8,12,0.7
E01011497 : Leeds 101E,"1,729",100,770,44.5,574,33.2,271,15.7,80,4.6,34,2
E01011540 : Leeds 102B,"2,016",100,989,49.1,653,32.4,246,12.2,93,4.6,35,1.7
E01032489 : Leeds 102F,"2,115",100,"1,050",49.6,741,35,240,11.3,68,3.2,16,0.8
E01032490 : Leeds 102G,"1,396",100,720,51.6,482,34.5,149,10.7,27,1.9,18,1.3
E01032491 : Leeds 102H,"1,197",100,656,54.8,391,32.7,125,10.4,19,1.6,6,0.5
E01032492 : Leeds 102I,"2,104",100,888,42.2,769,36.5,306,14.5,114,5.4,27,1.3
E01011307 : Leeds 103A,"1,602",100,648,40.4,598,37.3,252,15.7,89,5.6,15,0.9
E01011308 : Leeds 103B,"1,496",100,686,45.9,516,34.5,219,14.6,67,4.5,8,0.5
E01011393 : Leeds 103C,"2,201",100,"1,230",55.9,638,29,230,10.4,73,3.3,30,1.4
E01011394 : Leeds 103D,"1,158",100,540,46.6,384,33.2,160,13.8,57,4.9,17,1.5
E01011395 : Leeds 103E,"1,198",100,656,54.8,372,31.1,112,9.3,48,4,10,0.8
E01011533 : Leeds 104A,"1,387",100,628,45.3,469,33.8,206,14.9,65,4.7,19,1.4
E01011541 : Leeds 104B,"2,036",100,757,37.2,740,36.3,369,18.1,128,6.3,42,2.1
E01011545 : Leeds 104C,"1,359",100,586,43.1,516,38,190,14,56,4.1,11,0.8
E01011547 : Leeds 104D,"1,992",100,881,44.2,724,36.3,263,13.2,90,4.5,34,1.7
E01011500 : Leeds 105D,"1,577",100,714,45.3,562,35.6,233,14.8,49,3.1,19,1.2
E01032496 : Leeds 105F,"2,200",100,"1,109",50.4,745,33.9,238,10.8,91,4.1,17,0.8
E01035050 : Leeds 105G,"1,619",100,884,54.6,531,32.8,147,9.1,48,3,9,0.6
E01035051 : Leeds 105H,"1,610",100,929,57.7,502,31.2,136,8.4,33,2,10,0.6
E01035052 : Leeds 105I,"1,454",100,720,49.5,481,33.1,178,12.2,58,4,17,1.2
E01035053 : Leeds 105J,"1,733",100,"1,016",58.6,523,30.2,135,7.8,48,2.8,11,0.6
E01011530 : Leeds 106A,"1,365",100,646,47.3,480,35.2,172,12.6,60,4.4,7,0.5
E01011534 : Leeds 106B,"2,360",100,"1,349",57.2,752,31.9,185,7.8,64,2.7,10,0.4
E01011546 : Leeds 106C,"1,723",100,775,45,616,35.8,230,13.3,79,4.6,23,1.3
E01011548 : Leeds 106D,"1,507",100,738,49,524,34.8,176,11.7,57,3.8,12,0.8
E01011550 : Leeds 106E,"1,354",100,686,50.7,437,32.3,193,14.3,32,2.4,6,0.4
E01011537 : Leeds 107A,"2,047",100,898,43.9,710,34.7,318,15.5,94,4.6,27,1.3
E01011538 : Leeds 107B,"1,585",100,680,42.9,531,33.5,238,15,89,5.6,47,3
E01011551 : Leeds 107C,"1,756",100,942,53.6,603,34.3,136,7.7,61,3.5,14,0.8
E01011552 : Leeds 107D,"1,523",100,697,45.8,472,31,237,15.6,86,5.6,31,2
E01011535 : Leeds 108A,"1,717",100,882,51.4,582,33.9,188,10.9,52,3,13,0.8
E01011536 : Leeds 108B,"1,653",100,815,49.3,575,34.8,197,11.9,56,3.4,10,0.6
E01011549 : Leeds 108C,"1,428",100,782,54.8,497,34.8,116,8.1,26,1.8,7,0.5
E01011553 : Leeds 108D,"1,380",100,658,47.7,477,34.6,178,12.9,54,3.9,13,0.9
E01011685 : Leeds 109A,"2,215",100,"1,344",60.7,676,30.5,162,7.3,27,1.2,6,0.3
E01011687 : Leeds 109B,"1,527",100,797,52.2,525,34.4,149,9.8,49,3.2,7,0.5
E01011690 : Leeds 109C,"1,362",100,691,50.7,458,33.6,165,12.1,40,2.9,8,0.6
E01011692 : Leeds 109D,"1,503",100,846,56.3,473,31.5,139,9.2,37,2.5,8,0.5
E01011693 : Leeds 109E,"1,513",100,801,52.9,511,33.8,168,11.1,23,1.5,10,0.7
E01011694 : Leeds 109F,"1,854",100,"1,026",55.3,604,32.6,171,9.2,42,2.3,11,0.6
E01032876 : Leeds 109G,"1,876",100,"1,140",60.8,566,30.2,133,7.1,32,1.7,5,0.3
E01011442 : Leeds 110A,"1,875",100,"1,082",57.7,604,32.2,159,8.5,27,1.4,3,0.2
E01011443 : Leeds 110B,"1,881",100,"1,083",57.6,618,32.9,144,7.7,28,1.5,8,0.4
E01011444 : Leeds 110C,"1,992",100,"1,192",59.8,625,31.4,129,6.5,40,2,6,0.3
E01011451 : Leeds 110D,"1,553",100,800,51.5,523,33.7,177,11.4,44,2.8,9,0.6
E01011668 : Leeds 110E,"1,705",100,914,53.6,583,34.2,144,8.4,48,2.8,16,0.9
E01011669 : Leeds 110F,"1,483",100,801,54,517,34.9,127,8.6,31,2.1,7,0.5
E01032946 : Leeds 110G,"3,146",100,"1,612",51.2,"1,133",36,322,10.2,61,1.9,18,0.6
E01033008 : Leeds 111A,"2,148",100,"1,273",59.3,725,33.8,121,5.6,21,1,8,0.4
E01033010 : Leeds 111B,"3,483",100,"2,129",61.1,"1,140",32.7,176,5.1,30,0.9,8,0.2
E01033011 : Leeds 111C,"1,343",100,760,56.6,459,34.2,102,7.6,15,1.1,7,0.5
E01033015 : Leeds 111D,"1,512",100,935,61.8,476,31.5,86,5.7,12,0.8,3,0.2
E01033016 : Leeds 111E,"1,047",100,625,59.7,342,32.7,57,5.4,19,1.8,4,0.4
E01011467 : Leeds 112A,"1,992",100,903,45.3,606,30.4,358,18,100,5,25,1.3
E01011468 : Leeds 112B,"2,031",100,950,46.8,609,30,313,15.4,122,6,37,1.8
E01011470 : Leeds 112C,"1,294",100,565,43.7,454,35.1,174,13.4,77,6,24,1.9
E01035054 : Leeds 112F,"2,568",100,"1,539",59.9,854,33.3,156,6.1,18,0.7,1,0
